{"cameraMode":{"drawMode":0,"name":"Shaded","section":"Shading Mode"},"sceneLighting":false,"audioPlay":false,"sceneViewState":{"showFog":true,"showMaterialUpdate":false,"showSkybox":false,"showFlares":true,"showImageEffects":true,"showParticleSystems":true},"in2DMode":false,"pivot":{"x":-0.6350327730178833,"y":1.40743088722229,"z":-0.9933130741119385},"rotation":{"x":-0.00953603070229292,"y":0.9874283075332642,"z":-0.14408846199512483,"w":-0.06546799838542938},"size":2.472846508026123,"orthographic":false}