{"cameraMode":{"drawMode":0,"name":"Shaded","section":"Shading Mode"},"sceneLighting":true,"audioPlay":false,"sceneViewState":{"showFog":true,"showMaterialUpdate":false,"showSkybox":true,"showFlares":true,"showImageEffects":true,"showParticleSystems":true},"in2DMode":false,"pivot":{"x":-20.92801284790039,"y":6.452452659606934,"z":2.791940689086914},"rotation":{"x":0.008657267317175866,"y":0.9095047116279602,"z":-0.41535642743110659,"w":0.01891048438847065},"size":10.2992582321167,"orthographic":false}