{"cameraMode":{"drawMode":0,"name":"Shaded","section":"Shading Mode"},"sceneLighting":true,"audioPlay":false,"sceneViewState":{"showFog":true,"showMaterialUpdate":false,"showSkybox":true,"showFlares":true,"showImageEffects":true,"showParticleSystems":true},"in2DMode":false,"pivot":{"x":-56.026519775390628,"y":1.3629684448242188,"z":42.8369140625},"rotation":{"x":0.21745356917381288,"y":-0.08735059946775437,"z":0.018880708143115045,"w":0.9721478223800659},"size":14.105226516723633,"orthographic":true}