{"cameraMode":{"drawMode":0,"name":"Shaded","section":"Shading Mode"},"sceneLighting":true,"audioPlay":false,"sceneViewState":{"showFog":true,"showMaterialUpdate":false,"showSkybox":true,"showFlares":true,"showImageEffects":true,"showParticleSystems":true},"in2DMode":false,"pivot":{"x":17.445083618164064,"y":0.5,"z":31.599838256835939},"rotation":{"x":0.0048737493343651299,"y":-0.9924100637435913,"z":0.11614058166742325,"w":0.041299737989902499},"size":1.5789074897766114,"orthographic":true}